{
    "train_losses": [
        0.6646986193554376,
        0.6058029175125142,
        0.5988018622481694,
        0.5894522105333626,
        0.5735611476164352,
        0.5697643823360884,
        0.5615652601324743,
        0.550918867871646,
        0.5410737494627634,
        0.5352591464436183,
        0.5293237015164347,
        0.5210246599169188,
        0.5142642022060451,
        0.5112624566761717,
        0.502190912683164,
        0.49225745261997306,
        0.4947658836420986,
        0.4854196422803466,
        0.4792969606776712,
        0.4785078262149166,
        0.4740579926198529,
        0.46952291737280544,
        0.4652627427781862,
        0.47325425635602686,
        0.46152809211703877,
        0.45761695767061844,
        0.45085574636956854,
        0.44543295125827514,
        0.4483543615037155,
        0.44172709891121953,
        0.4350357413872756,
        0.4421711173709682,
        0.4393193681063431,
        0.43234659722876007,
        0.4328587092709557,
        0.433390496624133,
        0.43250142110972317,
        0.4228325961758533,
        0.42339252453717974,
        0.426797785656026,
        0.4213983889854443,
        0.40786745892437076,
        0.41303083832596016,
        0.4188399646476272,
        0.4149954879070602,
        0.40465729616792695,
        0.4069651600864706,
        0.40514748055182437,
        0.4024216313646125,
        0.4027695500877716
    ],
    "train_accs": [
        0.6666666666666666,
        0.7096774193548387,
        0.7096774193548387,
        0.7096774193548387,
        0.7150537634408602,
        0.7096774193548387,
        0.6774193548387096,
        0.6989247311827957,
        0.6827956989247311,
        0.7043010752688172,
        0.6881720430107527,
        0.7150537634408602,
        0.7311827956989247,
        0.7258064516129032,
        0.7419354838709677,
        0.7473118279569892,
        0.7365591397849462,
        0.7634408602150538,
        0.7634408602150538,
        0.7526881720430108,
        0.7580645161290323,
        0.7634408602150538,
        0.7741935483870968,
        0.7580645161290323,
        0.7741935483870968,
        0.7580645161290323,
        0.7741935483870968,
        0.7795698924731183,
        0.7795698924731183,
        0.7956989247311828,
        0.7956989247311828,
        0.7741935483870968,
        0.8064516129032258,
        0.7849462365591398,
        0.7795698924731183,
        0.7956989247311828,
        0.8010752688172043,
        0.8010752688172043,
        0.8064516129032258,
        0.8010752688172043,
        0.8225806451612904,
        0.8010752688172043,
        0.8064516129032258,
        0.8010752688172043,
        0.8172043010752689,
        0.8387096774193549,
        0.8172043010752689,
        0.8010752688172043,
        0.8172043010752689,
        0.8064516129032258
    ],
    "params": {
        "mode": "seq",
        "debug": false,
        "early_stop": 50,
        "cuda": false,
        "seed": 111,
        "data_step": 15,
        "data_window": 30,
        "wavelets_num": 10,
        "wavelets_beta": 1,
        "wavelets_gamma": 0.005,
        "wavelets_max_iter": 1,
        "wavelets_min_err": 0.0001,
        "wavelets_node_select": 10,
        "thresholding_ratio": 0.4,
        "data_padding": true,
        "data_folder": "./data/aal_cfc2",
        "model_folder": "./saved_model/2022-10-03_02-54-38",
        "prediction_path": "./output",
        "log_path": "./logs/2022-10-03_02-54-38",
        "tensorboard_dir": "./runs",
        "epochs": 50,
        "node_number": 90,
        "alpha": [
            0.01,
            0.25,
            0.5,
            0.9,
            0.99
        ],
        "class_number": 2,
        "dropout": 0.25,
        "batch_size": 1,
        "time": 40,
        "repetitions": 30,
        "gamma": 0.99,
        "learning_rate": 0.001,
        "weight_decay": 0,
        "desc": "使用 aal2 数据，对角线为 0，添加 node attention",
        "current_time": "2022-10-03_02-54-38"
    },
    "model_time": "2022-10-03_02-54-38",
    "test_loss": 0.8614378501735036,
    "test_acc": 0.6190476190476191
}