{"train_losses": [0.6604471813927415, 0.596333605227291, 0.5954905262877864, 0.5935390701377263, 0.5792023516310159, 0.5796116605721494, 0.566755869776331, 0.5542362729307785, 0.5396369252634304, 0.5265724323489653, 0.5192231560546544, 0.5077986484293335, 0.49869300032495173, 0.49576788870317323, 0.4804281796659193, 0.4743018099056777, 0.4743110840959895, 0.46607692415515584, 0.4599321452970867, 0.45784824377586764, 0.45387772104192164, 0.44550385037737505, 0.4456693597778838, 0.4459811791487198, 0.4392554093432683, 0.43264581902473365, 0.42830329648749804, 0.42775995037969083, 0.42616894597848576, 0.420960967689352, 0.41539359079193205, 0.4144257305625586, 0.4165771834587338, 0.41269096298023095, 0.40836263280512103, 0.4114926021686324, 0.4100156957120885, 0.40243987650961005, 0.3994546449562955, 0.40208225170030226, 0.3928080624149692, 0.3933492777380912, 0.38872628000324533, 0.39290052259175645, 0.38996986166188513, 0.38903434697278244, 0.3799798480793333, 0.38725816996853235, 0.3830185023534502, 0.3808026268993134], "train_accs": [0.7096774193548387, 0.7096774193548387, 0.7096774193548387, 0.7096774193548387, 0.7096774193548387, 0.7096774193548387, 0.7096774193548387, 0.7150537634408602, 0.7311827956989247, 0.7365591397849462, 0.7580645161290323, 0.7419354838709677, 0.7634408602150538, 0.7580645161290323, 0.7795698924731183, 0.7741935483870968, 0.7688172043010753, 0.7849462365591398, 0.7688172043010753, 0.7849462365591398, 0.7903225806451613, 0.7903225806451613, 0.7956989247311828, 0.7956989247311828, 0.7903225806451613, 0.8010752688172043, 0.8010752688172043, 0.7903225806451613, 0.8010752688172043, 0.8064516129032258, 0.8118279569892473, 0.8064516129032258, 0.8172043010752689, 0.8010752688172043, 0.8225806451612904, 0.8064516129032258, 0.8225806451612904, 0.8333333333333334, 0.8064516129032258, 0.8225806451612904, 0.8118279569892473, 0.8225806451612904, 0.8225806451612904, 0.8225806451612904, 0.8279569892473119, 0.8172043010752689, 0.8279569892473119, 0.8440860215053764, 0.8440860215053764, 0.8387096774193549], "params": {"mode": "seq", "debug": false, "early_stop": 50, "cuda": false, "seed": 111, "data_step": 6, "data_window": 20, "wavelets_num": 10, "wavelets_beta": 1, "wavelets_gamma": 0.005, "wavelets_max_iter": 1, "wavelets_min_err": 0.0001, "wavelets_node_select": 10, "thresholding_ratio": 0.4, "data_padding": true, "data_folder": "./data/aal_cfc2", "model_folder": "./saved_model/2022-10-01_16-51-10", "prediction_path": "./output", "log_path": "./logs/2022-10-01_16-51-10", "tensorboard_dir": "./runs", "epochs": 50, "node_number": 90, "alpha": [0.01, 0.25, 0.5, 0.9, 0.99], "class_number": 2, "dropout": 0.25, "batch_size": 1, "time": 40, "repetitions": 30, "gamma": 0.99, "learning_rate": 0.001, "weight_decay": 0, "current_time": "2022-10-01_16-51-10"}, "model_time": "2022-10-01_16-51-10", "test_acc": 0.7142857142857143}