{"train_losses": [0.6604475298876403, 0.6075760013153476, 0.5948126087746313, 0.5836752244541722, 0.5918923323192904, 0.5748125265843125, 0.5634219842732594, 0.5565844830726424, 0.5454740800283929, 0.5329955020338617, 0.5191938606521456, 0.5143426260560431, 0.4959617955109445, 0.49472080241207794, 0.4857623815456385, 0.4802601749017354, 0.4767079928949956, 0.47076152970073043, 0.46786634176368674, 0.4583453952424949, 0.4556994373779944, 0.45061792021176666, 0.4478055585065596, 0.4402091097216853, 0.4445388930028565, 0.4352293220719182, 0.43230119247930826, 0.4325453786439793, 0.4271017198390778, 0.4286853496501002, 0.4218371573269808, 0.42390153700265515, 0.4198489035229369, 0.4137077731235574, 0.4198434201284482, 0.4134679743419251, 0.4127044545321335, 0.40902334362048137, 0.399379245956899, 0.4019618311731686, 0.4013083841281152, 0.40056598063568355, 0.38573365723864445, 0.39459262414264584, 0.3944747264419372, 0.39142451560755653, 0.379031681465686, 0.3938696964403554, 0.3836254262182641, 0.3804842426982378], "train_accs": [0.7096774193548387, 0.7096774193548387, 0.7096774193548387, 0.7096774193548387, 0.7096774193548387, 0.7096774193548387, 0.7096774193548387, 0.7096774193548387, 0.7580645161290323, 0.7365591397849462, 0.7580645161290323, 0.7258064516129032, 0.7473118279569892, 0.7634408602150538, 0.7526881720430108, 0.7795698924731183, 0.7580645161290323, 0.7795698924731183, 0.7634408602150538, 0.7795698924731183, 0.7688172043010753, 0.7849462365591398, 0.7903225806451613, 0.8010752688172043, 0.8118279569892473, 0.7956989247311828, 0.7849462365591398, 0.7956989247311828, 0.7956989247311828, 0.8118279569892473, 0.7849462365591398, 0.7849462365591398, 0.7956989247311828, 0.8333333333333334, 0.8064516129032258, 0.8118279569892473, 0.8064516129032258, 0.8010752688172043, 0.8225806451612904, 0.8225806451612904, 0.8333333333333334, 0.8225806451612904, 0.8279569892473119, 0.8225806451612904, 0.8118279569892473, 0.8333333333333334, 0.8333333333333334, 0.8064516129032258, 0.8225806451612904, 0.8333333333333334], "params": {"mode": "seq", "debug": false, "early_stop": 50, "cuda": false, "seed": 111, "data_step": 15, "data_window": 30, "wavelets_num": 10, "wavelets_beta": 1, "wavelets_gamma": 0.005, "wavelets_max_iter": 1, "wavelets_min_err": 0.0001, "wavelets_node_select": 10, "thresholding_ratio": 0.4, "data_padding": true, "data_folder": "./data/aal_cfc", "model_folder": "./saved_model/2022-10-02_17-17-12", "prediction_path": "./output", "log_path": "./logs/2022-10-02_17-17-12", "tensorboard_dir": "./runs", "epochs": 50, "node_number": 90, "alpha": [0.01, 0.25, 0.5, 0.9, 0.99], "class_number": 2, "dropout": 0.25, "batch_size": 1, "time": 40, "repetitions": 30, "gamma": 0.99, "learning_rate": 0.001, "weight_decay": 0, "desc": "使用 aal 数据，对角线为 1", "current_time": "2022-10-02_17-17-12"}, "model_time": "2022-10-02_17-17-12", "test_loss": 1.0023946316035652, "test_acc": 0.5555555555555556}