{"train_losses": [0.6647023257388863, 0.6058071295740783, 0.5988132627580756, 0.5894775315318056, 0.5735935611269807, 0.5698212214535282, 0.5616338674019101, 0.5510236593263764, 0.5412102082483871, 0.5354253582416042, 0.529500473070369, 0.5212621520203288, 0.5145048299223505, 0.5115563096979292, 0.5025294678966685, 0.492645319891713, 0.49514388259980946, 0.4858285353509008, 0.4797768175742158, 0.478983490507529, 0.474581678918693, 0.4700582858415381, 0.46585765075419217, 0.4738888872827413, 0.46215902338986115, 0.4582156989503131, 0.451502543693829, 0.44610287643648605, 0.44910858144422855, 0.4424152932535376, 0.43574776207046806, 0.44288390517354975, 0.4401132345014322, 0.4331464864644072, 0.43367154605095826, 0.43419874529354274, 0.43330089350090795, 0.42367367068385725, 0.4242708603526035, 0.42765251676782323, 0.4222417281545018, 0.4087685869120422, 0.41390167144427614, 0.41970749139805796, 0.41592687959232, 0.40556095270389914, 0.4078406862493965, 0.4060576319699526, 0.4033331901951623, 0.40377312238323154], "train_accs": [0.6666666666666666, 0.7096774193548387, 0.7096774193548387, 0.7096774193548387, 0.7150537634408602, 0.7096774193548387, 0.6774193548387096, 0.6989247311827957, 0.6827956989247311, 0.7043010752688172, 0.6881720430107527, 0.7150537634408602, 0.7311827956989247, 0.7258064516129032, 0.7419354838709677, 0.7473118279569892, 0.7311827956989247, 0.7634408602150538, 0.7634408602150538, 0.7526881720430108, 0.7580645161290323, 0.7634408602150538, 0.7741935483870968, 0.7580645161290323, 0.7741935483870968, 0.7580645161290323, 0.7741935483870968, 0.7795698924731183, 0.7795698924731183, 0.7956989247311828, 0.7956989247311828, 0.7741935483870968, 0.8064516129032258, 0.7795698924731183, 0.7795698924731183, 0.7956989247311828, 0.8010752688172043, 0.8010752688172043, 0.8010752688172043, 0.8064516129032258, 0.8225806451612904, 0.8010752688172043, 0.8064516129032258, 0.8010752688172043, 0.8172043010752689, 0.8387096774193549, 0.8172043010752689, 0.8010752688172043, 0.8172043010752689, 0.8064516129032258], "params": {"mode": "seq", "debug": false, "early_stop": 50, "cuda": false, "seed": 111, "data_step": 15, "data_window": 30, "wavelets_num": 10, "wavelets_beta": 1, "wavelets_gamma": 0.005, "wavelets_max_iter": 1, "wavelets_min_err": 0.0001, "wavelets_node_select": 10, "thresholding_ratio": 0.4, "data_padding": true, "data_folder": "./data/aal_cfc2", "model_folder": "./saved_model/2022-10-04_14-21-50", "prediction_path": "./output", "log_path": "./logs/2022-10-04_14-21-50", "tensorboard_dir": "./runs", "epochs": 50, "node_number": 90, "alpha": [0.01, 0.25, 0.5, 0.9, 0.99], "class_number": 2, "dropout": 0.25, "batch_size": 1, "time": 40, "repetitions": 30, "gamma": 0.99, "learning_rate": 0.001, "weight_decay": 0, "desc": "使用 aal2 数据，对角线为 0", "node_attention": false, "current_time": "2022-10-04_14-21-50"}, "model_time": "2022-10-04_14-21-50", "test_loss": 0.8601360438608381, "test_acc": 0.6190476190476191}