{"train_losses": [0.6646986193554376, 0.6148257141792646, 0.5960357971889998, 0.5822580268065776, 0.5823126686035945, 0.5654549352744574, 0.5580310754638206, 0.5518180429935455, 0.542277136477091, 0.531176274902718, 0.5253224684906903, 0.5188845274669509, 0.5131325975501089, 0.5023318764463227, 0.5023853742787915, 0.4964371646644287, 0.4936300351995454, 0.48631689382056076, 0.48039588372233094, 0.4752736292298763, 0.4739285491617216, 0.47136135504490906, 0.46753269002362285, 0.456274988174799, 0.4627226846623084, 0.4559706226892529, 0.4518054147871832, 0.4504823675879868, 0.44781742786227535, 0.4382291208021343, 0.44454292707165244, 0.43440393621342316, 0.43395596295995736, 0.4325289373180919, 0.42667796729653273, 0.4259236366162577, 0.4250722055283365, 0.42090766817852054, 0.41579486094465257, 0.4138488088964775, 0.41445034134742476, 0.4143530034700469, 0.40602829525127043, 0.4097329381082247, 0.4085999498449226, 0.4060803478488558, 0.39886917783478176, 0.4045148954691706, 0.39623810862120923, 0.39343253182377463], "train_accs": [0.6666666666666666, 0.7096774193548387, 0.7096774193548387, 0.7096774193548387, 0.7096774193548387, 0.7204301075268817, 0.6935483870967742, 0.7150537634408602, 0.7096774193548387, 0.7096774193548387, 0.6989247311827957, 0.7473118279569892, 0.7096774193548387, 0.7365591397849462, 0.7150537634408602, 0.7365591397849462, 0.7204301075268817, 0.7473118279569892, 0.7634408602150538, 0.7526881720430108, 0.7580645161290323, 0.7580645161290323, 0.7688172043010753, 0.7849462365591398, 0.7849462365591398, 0.7688172043010753, 0.7688172043010753, 0.7795698924731183, 0.7795698924731183, 0.7903225806451613, 0.7795698924731183, 0.7956989247311828, 0.7795698924731183, 0.8172043010752689, 0.8010752688172043, 0.8064516129032258, 0.7849462365591398, 0.8279569892473119, 0.8064516129032258, 0.8172043010752689, 0.8118279569892473, 0.8010752688172043, 0.8333333333333334, 0.8118279569892473, 0.8172043010752689, 0.8172043010752689, 0.8225806451612904, 0.8172043010752689, 0.8387096774193549, 0.8225806451612904], "params": {"mode": "seq", "debug": false, "early_stop": 50, "cuda": false, "seed": 111, "data_step": 15, "data_window": 30, "wavelets_num": 10, "wavelets_beta": 1, "wavelets_gamma": 0.005, "wavelets_max_iter": 1, "wavelets_min_err": 0.0001, "wavelets_node_select": 10, "thresholding_ratio": 0.4, "data_padding": true, "data_folder": "./data/aal_cfc", "model_folder": "./saved_model/2022-10-03_02-54-22", "prediction_path": "./output", "log_path": "./logs/2022-10-03_02-54-22", "tensorboard_dir": "./runs", "epochs": 50, "node_number": 90, "alpha": [0.01, 0.25, 0.5, 0.9, 0.99], "class_number": 2, "dropout": 0.25, "batch_size": 1, "time": 40, "repetitions": 30, "gamma": 0.99, "learning_rate": 0.001, "weight_decay": 0, "desc": "使用 aal 数据，对角线为 1，添加 node attention", "current_time": "2022-10-03_02-54-22"}, "model_time": "2022-10-03_02-54-22", "test_loss": 0.8552491218147297, "test_acc": 0.6190476190476191}