{"train_losses": [0.6646940660092139, 0.6148269746893196, 0.5960447989324088, 0.5822689400244785, 0.582336986217127, 0.5655020003517469, 0.558106058787915, 0.551945392202626, 0.5424200805524985, 0.5313283313386222, 0.52554855563788, 0.5191392347376834, 0.5134084090510364, 0.50263884996054, 0.5026937156154584, 0.4968314271179899, 0.4940709701028242, 0.48678407298340914, 0.4808807805761374, 0.47576516264829266, 0.4744454585366272, 0.4718987061391755, 0.4681164508445128, 0.45685426143789165, 0.463341165594356, 0.4566080177713546, 0.4524953493357746, 0.4511391298384756, 0.44850348385291233, 0.4389814085036676, 0.4452483997359792, 0.4351524831677076, 0.4347024816739303, 0.4332635375090264, 0.42743554323791494, 0.42674086035369463, 0.4258606729888788, 0.4217361027615205, 0.4166202641828286, 0.4146963755214607, 0.41531516449846406, 0.41521322620051204, 0.40687046827427964, 0.4106100020850057, 0.4094007939140322, 0.4070327935229626, 0.39978434666941165, 0.4054480276611303, 0.3972058096795433, 0.39436528558081757], "train_accs": [0.6666666666666666, 0.7096774193548387, 0.7096774193548387, 0.7096774193548387, 0.7096774193548387, 0.7204301075268817, 0.6935483870967742, 0.7150537634408602, 0.7096774193548387, 0.7096774193548387, 0.6989247311827957, 0.7473118279569892, 0.7096774193548387, 0.7365591397849462, 0.7150537634408602, 0.7365591397849462, 0.7204301075268817, 0.7473118279569892, 0.7634408602150538, 0.7526881720430108, 0.7580645161290323, 0.7580645161290323, 0.7688172043010753, 0.7849462365591398, 0.7849462365591398, 0.7688172043010753, 0.7688172043010753, 0.7795698924731183, 0.7795698924731183, 0.7903225806451613, 0.7795698924731183, 0.7956989247311828, 0.7795698924731183, 0.8225806451612904, 0.7956989247311828, 0.8064516129032258, 0.7849462365591398, 0.8279569892473119, 0.8064516129032258, 0.8172043010752689, 0.8118279569892473, 0.8010752688172043, 0.8333333333333334, 0.8118279569892473, 0.8172043010752689, 0.8172043010752689, 0.8225806451612904, 0.8172043010752689, 0.8387096774193549, 0.8225806451612904], "params": {"mode": "seq", "debug": false, "early_stop": 50, "cuda": false, "seed": 111, "data_step": 15, "data_window": 30, "wavelets_num": 10, "wavelets_beta": 1, "wavelets_gamma": 0.005, "wavelets_max_iter": 1, "wavelets_min_err": 0.0001, "wavelets_node_select": 10, "thresholding_ratio": 0.4, "data_padding": true, "data_folder": "./data/aal_cfc", "model_folder": "./saved_model/2022-10-04_14-21-14", "prediction_path": "./output", "log_path": "./logs/2022-10-04_14-21-14", "tensorboard_dir": "./runs", "epochs": 50, "node_number": 90, "alpha": [0.01, 0.25, 0.5, 0.9, 0.99], "class_number": 2, "dropout": 0.25, "batch_size": 1, "time": 40, "repetitions": 30, "gamma": 0.99, "learning_rate": 0.001, "weight_decay": 0, "desc": "使用 aal 数据，对角线为 1", "node_attention": false, "current_time": "2022-10-04_14-21-14"}, "model_time": "2022-10-04_14-21-14", "test_loss": 0.8541424670838135, "test_acc": 0.6190476190476191}